Which of the following is not a category used to classify patients according to the Glasgow Coma Scale?,Eye opening.,Verbal response.,Best motor response.,Pupil response.,D
What commonly causes skin excoriation?,A well-fitting pouch.,Changing the pouch every day.,Leakage of effluent onto peristomal skin.,The use of unscented soap to cleanse the skin.,C
The auscultatory gap is:,when you can no longer hear the Korotkoff sounds because the bladder is equal with the diastolic pressure.,when the Korotkoff sounds can be heard between systolic and diastolic phases.,when the Korotkoff sounds disappear then return during phase 2 as the bladder is deflated.,When the Korotkoff sounds do not disappear when the cuff is fully deflated.,C
Which of the following tools is the first choice for cleaning the mouth?,"Small, soft toothbrush.",Gloved finger wrapped in gauze.,Forceps wrapped in gauze.,Foam stick.,A
Which of the following is recommended for cleaning the mouth?,Hydrogen peroxide.,Water.,Lemon and glycerine swabs.,Normal saline.,B
Which of the following is true of calcium metabolism?,Calcitonin causes a rise in plasma calcium,Primary hyperparathyroidism is usually asymptomatic,Vitamin D is secreted by the parathyroid glands,Oliguria is a symptom of hypercalcaemia,B
The ATP store in muscle can only supply energy in high intensity exercise for about:,2 milliseconds.,2 seconds.,10 seconds.,20 seconds.,B
What size of catheter bag may be used at night?,350ml.,500ml.,1L.,2L.,D
Which of the following is true in peripheral neuropathy?,Sensory loss is demonstrated in a stocking distribution,The tone is increased bilaterally in the legs,Reflexes are very brisk with reinforcement,Weakness is more marked proximally than distally,A
Which of the following is true about an intention tremor?,It is worse at rest,It is caused by Parkinson's Disease,It is indicative of a cerebellar lesion,Dyscalculia is a common association,C
What must you ensure before a speaking valve is used?,That the patient is able to swallow properly.,It is seven days after the tracheostomy tube was first inserted.,The cuff is deflated.,The cuff is inflated.,C
Patients with the apolipoprotein E gene are at risk of which disease?,Cystic fibrosis.,Huntington's dementia.,Alzheimer's disease.,Depression.,C
After what period of time does maximal dynamic exercise become predominantly aerobic?,10 seconds,30 seconds,1 minute,4 minutes,C
Under what circumstances would you use antibiotics prior to catheterization?,If the patient has had a catheter in situ for a week.,If the patient does not have urinary tract infection.,If patient has an artificial heart valve.,If the patient requests them.,C
Which of the following is true about jaundice?,Pale stools and dark urine are characteristic of the jaundice of haemalytic anaemia,Bilirubin is used by the liver in the synthesis of red blood cells,Itching may be a sign of obstructive jaundice,Putting a danger of infection sticker on blood samples from an intravenous drug user with jaundice is optional,C
Removal of adhesive strips:,can be carried out by the patient.,should be undertaken under aseptic conditions.,is a specialist skill.,should not be undertaken until at least seven days after application.,A
Wound drainage should be assessed for volume and consistency:,each time post-operative observations are undertaken.,daily.,every hour.,only when the wound dressing is changed.,A
Which of the following is true of psoriatic arthropathy?,The absence of plaques of psoriasis excludes the diagnosis,The diagnosis can be confirmed by a blood marker,Tophi can sometimes be seen over affected joints,Nail pitting may give a clue to the diagnosis,D
Which of the following is true about the assessment of arm reflexes?,"The root value of the biceps reflex is C5, C6",If no reflex is elicited when you tap a tendon it is documented as absent,The triceps tendon is struck in the antecubital fossa,Brisk finger jerks confirm a lower motor neurone lesion,A
Which of the following is true about Cushing's Syndrome?,It is due to a deficiency of cortisol hormone,Enlarged extremities are commonly seen,Osteoporosis is not a feature,A moon face and a buffalo hump are characteristic of the disease,D
Most of the free fatty acids are transported in the blood:,inside the red blood cells.,as lipoproteins.,combined with glucose.,bound to albumin.,D
Which of the following is true regarding the complications of a large goitre?,It causes stridor due to compression of the oesophagus,Dysphagia is an indication for surgery,It causes hoarseness due to compression of the trachea,It causes a more florid thyrotoxicosis than a smaller goitre,B
The energy charge of the cell is:,the difference between the charge on the outside and inside of a cell.,generated by the sodium-potassium ATPase.,the overall rate of energy use by the cell.,the extent to which the total adenine nucleotide pool is phosphorylated.,D
What might make the nurse think a patient could not use an inhaler?,Severe leg ulcers.,Previous recovery from an acute exacerbation of asthma.,Forthcoming surgery.,"Poor technique, physical impairment, or lack of understanding.",D
Phosphocreatine in the muscle cell is found in:,the mitochondria.,all subcellular compartments.,the sarcolemma.,the cytoplasm.,D
Which of the following drugs is most commonly responsible for patients who present with acute confusion?,Heroin (opiates).,Ecstasy.,Alcohol.,Cannabis.,C
Which of the following best describes nociceptive pain?,"Pain resulting from actual or potential tissue damage, which causes the release of chemical mediators that stimulate nerve fibres to initiate pain signals to the brain.",Pain resulting from pressure upon a nerve or group of nerves.,A disorder of a specific nerve or group of nerves resulting in the release of abnormal pain signals.,"Pain resulting from a disorder of the central nervous system, i.e. following a cerebral vascular accident.",A
Selective Androgen Receptor Modulators (SARMs) are:,steroid drugs that act on androgen receptors mimicking the effects of natural steroid hormones.,steroid drugs that act on androgen receptors antagonising the effects of natural steroid hormones.,non-steroid drugs that act on androgen receptors mimicking the effects of natural steroid hormones.,non-steroid drugs that act on androgen receptors inhibiting the effects of natural steroid hormones.,C
The conversion of one molecule of glucose to two molecules of pyruvate results in the net formation of:,six molecules of water.,two molecules of ATP.,three molecules of ATP.,thirty-eight molecules of ATP.,B
Approximately how many kJ of energy are expended if an athlete's steady-rate oxygen uptake averages 3.0 l/min for 5 minutes of exercise?,60 kJ,150 kJ,300 kJ,500 kJ,C
What is the pH of water?,3.5,7,12,6.25,B
Why can't a patient talk if the cuff is inflated?,They are unable to breathe in sufficiently.,They are unable to swallow properly.,It is too tiring.,They are unable to pass air through their vocal cords.,D
With an increasing number of sprints the:,anaerobic contribution progressively increases.,pH of the muscle falls below 6.0.,blood glucose concentration falls below 3 mmol/L.,relative contribution of aerobic metabolism increases.,D
Which of these features suggest that a pulsation in the neck is arterial?,A waggling earlobe,Positive for hepatojugular reflux,No variation with posture,Pressure in the root of the neck reduces the impulse,C
"The synthesis of glucose from lactate, glycerol, or amino acids is called:",glycogenolysis.,glycolysis.,lipolysis.,gluconeogenesis.,D
Phophocreatine resynthesis during recovery from exercise is inhibited by:,an excess of creatine.,hyperventilation.,an excess of oxygen.,a lack of oxygen.,D
What type of joint is the elbow?,Ball and socket joint.,Fused joint.,Synovial hinge joint.,Plain joint.,C
Name three of the five main uses of the hand.,"Touch, feel, stroke.","Grip, percussion, sensory.","Tap, slap, clap.","Touch, pinch, grasp.",B
The pyruvate dehydrogenase complex:,is located in the sarcoplasm.,catalyses the conversion of pyruvate to acetyl CoA.,catalyses the conversion of pyruvate to lactate.,catalyses the conversion of lactate to pyruvate.,B
