"On Andros Islands in the Bahamas, populations of mosquito fish, Gambusia hubbsi, colonized a series of ponds. These ponds are no longer connected. However, the environments are very similar except that some ponds contain predatory fish, while others do not. In high predation ponds, selection has favored the evolution of a body shape that enables rapid bursts of speed. In low predation ponds, another body type is favored—one that is well-suited to swim for long periods of time.",Reproductive isolation caused geographic isolation.,Reproductive isolation was not complete.,Allopatric isolation brought about reproductive isolation.,Sympatric isolation brought about reproductive isolation.,C
A piece of potato is dropped into a beaker of pure water. Which of the following describes the initial condition when the potato enters the water?,The water potential of the pure water is negative.,The water potential of the pure water is positive.,The water potential of the potato is positive.,The water potential of the potato is negative.,D
"Before the human genome was sequenced by the Human Genome Project, scientists expected that they would find about 100,000 genes. In fact, they discovered that humans have only about 24,000 genes. How can we exhibit so many different traits from so few genes?",Modification of histone proteins usually increases the function of genes.,Epigenetics enables one gene to produce many different traits.,This is proof that pseudogenes and introns are expressed.,A single gene can produce more than one trait because of alternative splicing,D
Which of the following pieces of evidence most strongly supports the common origin of all life on Earth?,All organisms require energy.,All organisms use essentially the same genetic code.,All organisms reproduce.,All organisms show heritable variation.,B
All of the following organs in the digestive system secrete digestive enzymes EXCEPT the,mouth,stomach,gall bladder,small intestine,C
"The normal pH of the cytosol is about 7.2. Most enzymes in the lysosome, however, are only active at a pH of 5. This suggests that",only acidic substances can undergo enzymatic processing in lysosomes,most enzymes in the lysosome are incapable of catalyzing substrates inside the lysosome,enzymes in the lysosome are released to the cytosol,protons are actively pumped into the lysosome,D
Which of the following best explains why a population is described as the evolutionary unit?,Genetic changes can only occur at the population level.,The gene pool in a population remains fixed over time.,"Natural selection affects individuals, not populations.","Individuals cannot evolve, but populations can.",D
"Two individuals, one with type B blood and one with type AB blood, have a child. The probability that the child has type O blood is",0%,25%,50%,100%,A
The resting membrane potential depends on which of the following? I. Active transport II. Selective permeability III. Differential distribution of ions across the axonal membrane,III only,I and II only,II and III only,"I, II, and III",D
An animal that is harmless copies the appearance of an animal that is dangerous as a defense mechanism to make predators think twice about attacking.,Aposomatic coloration,Batesian mimicry,Deceptive markings,Cryptic coloration,B
"Except for identical twins, no two people are genetically identical. Which of the following statements most accurately describes the main source of variation in humans?",The main source of variation in humans is genetic drift.,Changes in the environment cause rapid changes in different human populations.,Shuffling of alleles is responsible for the greatest variation in humans.,Mutations are responsible for the greatest changes in different human populations.,C
"Apoptosis, which is programmed cell death, is a necessary process in living organisms. Which of the following is NOT correct about apoptosis?",It occurs randomly.,A particular cell dies when it is no longer needed by the organism.,A cell carries out apoptosis when too many mutations have accumulated.,Plant cells carry out apoptosis as a defense measure in cells that have been infected by parasites.,A
All of the following play a role in morphogenesis EXCEPT,apoptosis,homeotic genes,operons,inductive effects,C
The theory of evolution is most accurately described as,an educated guess about how species originate.,"one possible explanation, among several scientific alternatives, about how species have come into existence.",an opinion that some scientists hold about how living things change over time.,"an overarching explanation, supported by much evidence, for how populations change over time.",D
Which of the following statements about post-transcriptional modification are incorrect?,A poly-A tail is added to the 3′ end of the mRNA.,A guanine cap is added to the 5′ end of the mRNA.,Introns are removed from the mRNA.,Posttranscriptional modification occurs in the cytoplasm.,D
"If two modern organisms are distantly related in an evolutionary sense, then one should expect that",they live in very different habitats.,they should share fewer homologous structures than two more closely related organisms.,their chromosomes should be very similar.,they shared a common ancestor relatively recently.,B
"A researcher is experimenting with nerve transmission using neurons from a giant squid. At the beginning of the experiment, the axon is at rest and has a threshold measured at –70 mV at 37oC. The axon receives one stimulus that triggers one action potential in the axon. Subsequent stimuli are much stronger. Which of the following statements explains what happens when several strong stimuli are experienced by the axon?",The axon becomes hyperpolarized to –90 mV.,The axon becomes hyperpolarized to –50 mV.,The strength of the action potential becomes greater.,The frequency of the action potential increases.,D
"A certain autosomal recessive trait is expressed in 1% of a population. Assuming that the population is in Hardy-Weinberg equilibrium, what percent of the population are carriers but do not express the trait?",10%,18%,27%,50%,B
"In cells, which of the following can catalyze reactions involving hydrogen peroxide, provide cellular energy, and make proteins, in that order?","Peroxisomes, mitochondria, and ribosomes","Peroxisomes, mitochondria, and lysosomes","Peroxisomes, mitochondria, and Golgi apparatus","Lysosomes, chloroplasts, and ribosomes",A
Which of the following best explains why drinking breast milk is beneficial to a human infant?,Breast milk contains vitamins that repair mutations originating in the sperm or egg.,Breast milk contains maternal antibodies that protect against gastrointestinal pathogens.,Breast milk contains maternal vaccines that destroy common childhood pathogens.,Breast milk contains red blood cells with adult hemoglobin that are beneficial to the infant's developing brain.,B
"All of the following support the endosymbiotic theory that ancestors of mitochondria and chloroplasts were once independent, free-living prokaryotes EXCEPT:",Mitochondria and chloroplasts divide independently of the eukaryotic host cell by a process similar to binary fission.,Mitochondria and chloroplasts have ribosomes that more closely resemble those of bacteria than of eukaryotic cells.,Mitochondria and chloroplasts function independently from the eukaryotic host cell.,"Mitochondria, chloroplasts, and bacteria have a single, circular chromosome without histones or proteins.",C
The acrosome and cortical reactions that occur immediately after fertilization ensure which of the following?,The sperm will fertilize the ovum.,The zygote will begin to divide normally.,One and only one sperm will fertilize the egg.,"The zygote will not divide into two embryos, producing twins.",C
"In the inherited disorder called Pompe disease, glycogen breakdown in the cytosol occurs normally and blood glucose levels are normal, yet glycogen accumulates in lysosomes. This suggests a malfunction with",enzymes in the lysosomes,enzymes in the mitochondria,membrane transport during exocytosis,membrane transport during endocytosis,A
This process couples the production of ATP with the movement of electrons down the electron transport chain by harnessing the driving force created by a proton gradient.,Glycolysis,Chemiosmosis,Fermentation,Calvin cycle,B
Short sequence by promoter that assists transcription by interacting with regulatory proteins.,Enhancer,Repressor,Operator,Promoter,C
A small population of birds is blown to an isolated island by a hurricane and establishes a colony. The gene pool of the newly established population of birds is likely to reflect the effects of which of the following?,Directed mutation,Genetic drift,Adaptive radiation,Disruptive selection,B
"There are 40 individuals in population 1, all of which have genotype A1A1, and there are 25 individuals in population 2, all of genotype A2A2. Assume that these populations are located far from one another and that their environmental conditions are very similar. Based on the information given here, the observed genetic variation is mostly likely an example of",genetic drift.,gene flow.,disruptive selection.,discrete variation.,A
"Ichthyosaurs were aquatic dinosaurs. Fossils show us that they had dorsal fins and tails, as do fish, even though their closest relatives were terrestrial reptiles that had neither dorsal fins nor aquatic tails. The dorsal fins and tails of ichthyosaurs and fish are",homologous.,examples of convergent evolution.,adaptations to a common environment.,B and C only,D
Those being hunted adopt a coloring scheme that allows them to blend in to the colors of the environment.,Aposomatic coloration,Batesian mimicry,Deceptive markings,Cryptic coloration,D
A feature of amino acids NOT found in carbohydrates is the presence of,carbon atoms,oxygen atoms,nitrogen atoms,hydrogen atoms,C
"An eager AP Biology student interested in studying osmosis and the movement of water in solutions took a dialysis bag containing a 0.5 M solution and placed it into a beaker containing a 0.6 M solution. If this bag were instead placed into a beaker of distilled water, what would be the expected result?","There will be a net flow of water out of the bag, causing it to decrease in size.","There will be a net flow of water into the bag, causing it to swell in size.",The bag will remain the exact same size because no water will move at all.,The solute will flow out of the dialysis bag into the beaker.,B
Protein that prevents the binding of RNA polymerase to the promoter site.,Enhancer,Repressor,Operator,Promoter,B
"During drought years on the Galapagos, small, easily eaten seeds become rare, leaving mostly large, hard-cased seeds that only birds with large beaks can eat. If a drought persists for several years, what should one expect to result from natural selection?",Small birds gaining larger beaks by exercising their mouth parts.,Small birds mutating their beak genes with the result that later-generation offspring have larger beaks.,"Small birds anticipating the long drought and eating more to gain weight and, consequently, growing larger beaks.",More small-beaked birds dying than larger-beaked birds. The offspring produced in subsequent generations have a higher percentage of birds with large beaks.,D
All of the following play an important role in regulating respiration in humans EXCEPT,an increase in the amount of CO2 in the blood,a decrease in the amount of O2 in the blood,a decrease in the plasma pH level,strenuous exercise,B
A new plant was discovered and determined to have an unusually low number of stomata on the undersides of its leaves. For what environment would this plant most likely be best adapted?,Cold and rainy,Humid and sunny,Hot and humid,Hot and dry,D
A student conducts an experiment to test the efficiency of a certain enzyme. Which of the following protocols would probably not result in a change in the enzyme’s efficiency?,Bringing the temperature of the experimental setup from 20°C to 50°C,Adding an acidic solution to the setup,Adding substrate but not enzyme,Placing the substrate and enzyme in a container with double the capacity,D
"A biologist studied a population of squirrels for 15 years. During that time, the population was never fewer than 30 squirrels and never more than 45. Her data showed that over half of the squirrels born did not survive to reproduce, because of competition for food and predation. In a single generation, 90% of the squirrels that were born lived to reproduce, and the population increased to 80. Which inference(s) about this population might be true?",The amount of available food may have increased.,The number of predators may have decreased.,"The squirrels of subsequent generations should show greater levels of genetic variation than previous generations, because squirrels that would not have survived in the past will now survive.","A, B, and C",D
"A proficient engineer can easily design skeletal structures that are more functional than those currently found in the forelimbs of such diverse mammals as horses, whales, and bats. That the actual forelimbs of these mammals do not seem to be optimally arranged is because","natural selection has not had sufficient time to create the optimal design in each case, but will do so given enough time.",natural selection operates in ways that are beyond the capability of the human mind to comprehend.,"in many cases, phenotype is not merely determined by genotype, but by the environment as well.",natural selection is generally limited to modifying structures that were present in previous generations and in previous species.,D
"If a forest of fir, birch, and white spruce trees was devastated by fire, which of the following would most likely happen?",Only animal life would continue to inhabit the region.,Secondary succession would begin to occur.,Only tough grasses would appear.,The number of species would stabilize as the ecosystem matures.,B
Which describes brightly colored peacocks mating more frequently than drab peacocks?,artificial selection,directional selection,stabilizing selection,sexual selection,D
The development of an egg without fertilization is known as,meiosis,parthenogenesis,embryogenesis,vegetative propagation,B
"If, on average, 46% of the loci in a species' gene pool are heterozygous, then the average homozygosity of the species should be",23%,46%,54%,92%,C
Refer to question 15 for details on the squirrel population. Which of the following conditions is required to keep this population in Hardy-Weinberg equilibrium?,Random mating,Genetic drift,Mutation,Gene flow,A
Which of the following pairs of scientists pioneered the ecological discipline known as island biogeography?,Robert MacArthur and E. O. Wilson,James Watson and Francis Crick,Matthias Schleiden and Theodor Schwann,Alfred Hershey and Martha Chase,A
Which of the following statements correctly describes what happens to the preRNA during RNA processing?,Introns are removed in the nucleus. A 5′ cap and the poly-A tail are added after the preRNA leaves the nucleus.,Introns are removed and both a 5′ cap and a poly-A tail are added before the preRNA leaves the nucleus.,"Exons are removed and a 5′ cap is added before the preRNA leaves the nucleus. After leaving the nucleus, the poly-A tail is added.","Point mutations are repaired, exons are removed, and both a 5′ cap and a poly-A tail are added before the preRNA leaves the nucleus.",B
Which of these evolutionary agents is most consistent at causing populations to become better suited to their environments over the course of generations?,Mutation,Non-random mating,Gene flow,Natural selection,D
