Stagflation most likely results from,increasing AD with constant SRAS.,decreasing SRAS with constant AD.,decreasing AD with constant SRAS.,a decrease in both AD and SRAS.,B
Higher levels of consumer wealth and optimism would likely have which of the following changes in the market for loanable funds? MARKET FOR LOANABLE FUNDS     INTEREST RATE,Increase in supply     Rising,Increase in demand     Buying Rising,Decrease in demand     Falling,Decrease in supply     Rising,D
Which of the following transactions would be counted in GDP?,The cash you receive from babysitting your neighbor’s kids,The sale of illegal drugs,The sale of cucumbers to a pickle manufacturer,The sale of a pound of tomatoes at a supermarket,D
Suppose that an expansionary fiscal policy leads to a large increase in real output and a small increase in the price level. From this it can be inferred that,inflation had already impacted the economy before the fiscal stimulus.,the economy initially had some unemployed resources.,aggregate supply decreased.,aggregate demand is steeply sloped.,B
Depreciation of the dollar is most likely to,increase imports,increase travel abroad,increase exports,decrease a trade surplus,C
Labor productivity and economic growth increase if,a nation subsidizes education for all citizens.,a nation imposes tariffs and quotas on imported goods.,a nation removes penalties for firms that pollute natural resources.,a nation ignores societal barriers like discrimination.,A
An increase in the federal deficit may affect the demand for loan funds and therefore the real interest rate and investment spending. Which of the following gives the correct direction of these effects? Demand for loanable funds      Real interest rate      Investment spending,Increases            Increases      Increases,Decreases            Decreases      Decreases,Decreases            Decreases      Increases,Increases            Increases      Decreases,D
A use of easy money (expansionary) policy by the Fed could result in which of the following?,an increase in net exports,a decrease in net exports,an increase in the real interest rate,an increase in the nominal interest rate,B
To close an expansionary gap,the aggregate demand curve should be shifted to the right.,the aggregate demand curve should be shifted to the left.,the aggregate supply curve should be shifted to the right.,the aggregate supply curve should be shifted to the left.,B
A likely cause of falling Treasury bond prices might be,expansionary monetary policy.,contractionary monetary policy.,a depreciating dollar.,fiscal policy designed to reduce the budget deficit.,B
A budget deficit exists when,the total amount that the government owes at a given time is positive,government spending exceeds tax collections for a given period,exports exceed imports in a given year,imports exceed exports in a given year,B
Suppose taxes are cut in an economy that is in equilibrium at full employment. In the long run the tax cut will,raise real output and raise the price level.,lower real output and raise the price level.,raise real output and lower the price level.,raise the price level.,D
With a managed float,countries occasionally intervene in foreign exchange markets.,countries never have to intervene in foreign exchange markets.,countries must constantly intervene to maintain the value of their currencies.,exchange rates are fixed.,A
Which of the following is a predictable advantage of expansionary monetary policy in a recession?,Decreases aggregate demand so that the price level falls.,Increases aggregate demand which increases real GDP and increases employment.,Increases unemployment but low prices negate this effect.,It keeps interest rates high which attracts foreign investment.,B
Which of the following is included in U.S. GDP? I.   The market value of movies made in Africa by U.S. citizens II.   The market value of olive oil made in Italy and sold in the United States. III.   The market value of blue jeans made in the United States and sold in Japan IV.   The market value of wine made in the United States by Canadian citizens,II III and IV only,I and III only,II and IV only,III and IV only,D
If real GDP per capita was $10000 in 1990 and $15000 in 2000 then the amount of economic growth is,0.5 percent.,5.0 percent.,50 percent.,3.3 percent.,C
Which of the following will cause the aggregate demand curve to shift to the left?,Expectations of surpluses of goods in the future,A decrease in income taxes,An increase in government spending,An increase in foreign income,A
You are working at a supermarket bagging groceries but you are unhappy about your wage so you quit and begin looking for a new job at a competing grocery store. What type of unemployment is this?,Cyclical,Structural,Seasonal,Frictional,D
The size of the labor force in Japan is expected to shrink beginning in 2010 as a large segment of its population retires. This will,affect labor productivity more than economic growth.,affect economic growth more than labor productivity.,not have a major effect on economic growth or labor productivity.,affect labor productivity and economic growth equally.,B
What will happen to the equilibrium price level and the equilibrium quantity of output if the aggregate supply curve shifts to the left? Assume a Classical aggregate supply curve.,The equilibrium price level increases while the equilibrium quantity of output decreases.,The equilibrium price level decreases while the equilibrium quantity of output increases.,The equilibrium price level and quantity of output increase.,The equilibrium price level remains unchanged while the equilibrium quantity of output increases.,A
If the CPI goes to 150 from 120 then prices have,risen 20 percent.,risen 25 percent.,fallen 30 percent.,risen 30 percent.,B
In the balance of payments the trade balance,is ignored.,appears in the capital account.,appears in the current account,is included in the official reserves.,C
Imagine someone who is not looking for work because they are embarrassed in the interview process when their inability to read is revealed. However this person would take just about any job that was offered. According to the Bureau of Labor Statistics this person is,in the labor force and unemployed.,in the labor force and employed.,not in the labor force.,not in the labor force but counted as unemployed.,C
One strategy a corporation may use to gain market share in a foreign market is,raising the price of its product.,convincing its government to put an import tariff on the product.,convincing its government to place a quota on the product.,dumping.,D
If technology makes production less expensive and at the same time exports decrease which of the following will result with certainty?,Real GDP will increase.,Real GDP will decrease.,The price level will increase.,The price level will decrease.,D
In a given period the average price level in the country of Sherwood tripled and Robin's income increased from $30000 to $60000. What happened to Robin's nominal and real income? Nominal Income     Real Income,(A) Increased     Decreased,(B) Increased     Increased,(C) Decreased     Decreased,(D) Increased     Stayed the same,A
If the demand for dollars rises while the supply of dollars falls then the,dollar will appreciate.,dollar will depreciate.,exchange rates will be affected but not the value of the dollar.,exchange rate will not be affected.,A
If the consumer price index (CPI) increases by 2 percent and your nominal income increases by 8 percent your real income has approximately,increased by 4 percent.,decreased by 4 percent.,increased by 6 percent.,decreased by 6 percent.,C
Which of the following is not a scarce economic resource?,Labor,Capital,Human wants,Land,C
Which of the following would likely slow a nation's economic growth?,Guaranteed low-interest loans for college students,Removal of a tax on income earned on saving,Removal of the investment tax credit,More research grants given to medical schools,C
Which of the following could limit the ability of a central bank to conduct expansionary monetary policy?,Money demand is nearly perfectly elastic.,Investment demand is nearly perfectly elastic.,Banks make loans with all excess reserves.,Households carry very little cash holding their money in checking and saving deposits.,A
If the economy experienced a decrease in real GDP and price level this could best be explained by,a decline in labor productivity.,a technological advance.,a decline in investment.,an uptick in net exports.,C
The economy is in a deep recession. Given this economic situation which of the following statements about monetary policy is accurate?,Expansionary policy would only worsen the recession.,Expansionary policy greatly increases aggregate demand if investment is sensitive to changes in the interest rate.,Contractionary policy is the appropriate stimulus for investment and consumption.,If the demand for money is perfectly elastic expansionary monetary policy might be quite effective.,B
Which of the following fiscal policies is likely to be most effective when the economy is experiencing an inflationary gap?,The government decreases taxes and keeps spending unchanged.,The government increases spending and keeps taxes unchanged.,The government increases spending matched with an increase in taxes.,The government increases taxes and decreases spending.,D
An increase in the price of forklifts imported into the United States from Belgium will,increase the consumer price index and the GDP deflator.,increase the consumer price index but not the GDP deflator.,increase the GDP deflator but not the consumer price index.,have no effect on the consumer price index or the GDP deflator.,D
Which of the following is a consequence of removal of a protective tariff on imported steel?,Imports fall.,Income is transferred from steel consumers to domestic steel producers.,Income is transferred from foreign steel producers to domestic steel producers.,Allocative efficiency is improved.,D
Which of the following would likely contribute to faster rates of economic growth?,A more restrictive immigration policy,Negative net investment,Higher taxes on households and firms,Higher government funding of research on clean energy supplies,D
Economic growth is,measured by the number of businesses in the economy.,shared equally among the population.,critical in determining the standard of living in a nation.,measured by the amount of government spending.,C
If the demand for our exports rises while our tastes for foreign goods falls off then,the value of the dollar will tend to appreciate.,the value of the dollar will tend to depreciate.,exchange rates will be affected but not the value of the dollar.,the exchange rate will not be affected.,A
What will happen to the equilibrium price and the equilibrium quantity of good A when producers of good A expect the price to be higher in the near future?,The equilibrium price will rise and the equilibrium quantity will fall.,The equilibrium price will fall and the equilibrium quantity will rise.,The equilibrium price and the equilibrium quantity will rise.,The equilibrium price and the equilibrium quantity will fall.,A
Which of the following is the most likely to be a deterrent to growth in the economy?,Spending on education and training,Increases in capital,Increases in the interest rate,Expenditures on research and development,C
If the money supply increases what happens in the money market (assuming money demand is downward sloping)?,The nominal interest rates rises.,The nominal interest rates falls.,The nominal interest rate does not change.,Transaction demand for money falls.,B
The standard of living is measured by,GDP.,GDP per capita.,Real GDP per capita.,Actual GI)P per capita.,C
Which of the following is true of a typical contraction of the business cycle?,Consumption is falling but household wealth is rising.,Consumption is increasing.,Private investment is rising.,Employment and inflation are low.,D
Given the table below which statement is true? Labor hours needed to produce a unit of: Country      Wine      Cheese France      40      80 Belgium      15      60,France has the absolute advantage in both products.,France should specialize in and export wine while Belgium should specialize in and export cheese.,France has the comparative advantage in cheese.,France has the absolute advantage in cheese.,C
In order to go from national income to GDP one must,add depreciation expenses,add indirect taxes,subtract subsidies,all of the above,D
According to Keynesian theory,the FED should not conduct monetary policy.,changes in the money supply have significant effects.,fiscal policy is the preferred way of shifting the aggregate demand curve.,the FED should allow the money supply to grow at a constant rate.,C
Suppose that the unemployment rate falls from 6 percent to 5 percent and the inflation rate falls from 3 percent to 2 percent. Which of the following best explains these trends?,An increase in aggregate demand.,A decrease in both aggregate demand and aggregate supply.,An increase in both aggregate demand and aggregate supply.,An increase in aggregate supply.,D
According to monetarist analysis a decrease in the money supply would,raise the price level and output in the economy.,lower the price level and output in the economy.,raise the price level in the economy.,lower the price level in the economy.,B
When the United States places an import quota on imported sugar we expect which of the following effects?,Consumers seek substitutes for sugar and products that use sugar.,Consumers consume more sugar and products that use sugar.,The supply of sugar increases.,Net exports in the United States fall.,A
Which of the following is true of money and financial markets?,As the demand for bonds increases the interest rate increases.,For a given money supply if nominal GDP increases the velocity of money decreases.,When demand for stocks and bonds increases the asset demand for money falls.,A macroeconomic recession increases the demand for loanable funds.,C
Fiscal policy refers to,increases in taxes to fight recessions.,decreases in taxes to fight inflations.,changes in government spending and taxes to fight recessions or inflations.,federal deficits.,C
The fractional reserve banking system's ability to create money is lessened if,households that borrow redeposit the entire loan amounts back into the banks.,banks hold excess reserves.,banks lend all excess reserves to borrowing customers.,households increase checking deposits in banks.,B
Of the following choices the most direct exchange in the circular flow model of a private closed economy is when,households provide goods to firms in exchange for wage payments.,households provide resources to firms in exchange for goods.,households provide revenues to firms in exchange for wage payments.,firms supply goods to households in exchange for revenues.,D
A balance of trade surplus can be the result of,a loose monetary policy.,foreigners having no taste for this country's products.,an appreciation of the country's currency.,low levels of income relative to other nations.,D
When the FED lowers the discount rate its intention is to,give depository institutions a break on their borrowings.,signal participants in financial markets that a recession is coming.,signal participants in financial markets that an inflationary period is coming.,encourage borrowing by depository institutions so that the money supply may expand.,D
How would fiscal and monetary policymakers combine spending tax and monetary policy to fight a recessionary gap while avoiding large budget deficits? SPENDING POLICY     TAX POLICY     MONETARY POLICY,Higher spending     Lower taxes     Sell Treasury securities,Lower spending     Higher taxes     Buy Treasury securities,Lower spending     Lower taxes     Increasing the reserve ratio,Higher spending     Higher taxes     Lowering the discount rate,D
Which of the following would be classified under C when calculating GDP?,A homeowner mowing her own lawn,$50.00 spent eating out at a restaurant,The purchase of new computer software by an accounting firm,Flour purchased by a baker to make donuts,B
