Which of the following is true about a price floor?,It is used to correct government policy.,It is used when the equilibrium price is too high.,It will be located above the equilibrium price.,It will be located below the equilibrium price.,C
"If the perfectly competitive price is currently below minimum average total cost, we can expect which of the following events in the long run?",The price will rise and each firm's output will fall as firms exit the industry.,Market equilibrium quantity will increase as firms exit the industry.,Nothing. The industry is currently in long-run equilibrium.,The price will rise to the breakeven point as firms exit the industry.,D
The necessity for a monopoly to lower its price in order to sell more units of its product explains why,monopolies are common among public utilities,the marginal revenue curve is below the demand curve for a monopoly,the marginal cost curve for a monopoly slopes upward,monopolies are able to maintain market power,B
The competitive market provides the best outcome for society because,"consumer surplus is minimized, while producer surplus is maximized.",the total welfare is maximized.,"producer surplus is minimized, while consumer surplus is maximized.",the difference between consumer and producer surplus is maximized.,B
An industry described as an oligopoly would most likely have,normal profits in the long run.,no opportunities for collusive behavior.,significant barriers to entry.,price-taking behavior.,C
Which of the following examples would result in consumers paying for the largest burden of an excise tax placed on a producer?,If the demand curve is price elastic and the supply curve is price inelastic,If the demand curve is price elastic and the supply curve is perfectly elastic,If the demand curve is price inelastic and the supply curve is price elastic,If the demand curve is perfectly inelastic and the supply curve is price elastic,D
Monopolistic competition is said to be productively inefficient because,the long-run price is above minimum average total cost.,long-run profits are positive.,firms engage in collusive behavior.,there exist no barriers to entry.,A
Which of the following tax systems is designed to redistribute income from the wealthy to the poor?,A progressive tax system,A regressive tax system,A proportional tax system,An excise tax system,A
Which of the following is the best example of the free-rider effect?,You and a friend take a road trip to Florida in your friend's car. You pay for the gas.,"In exchange for tutoring your friend in economics, she helps you with your geometry assignment.","You have ordered a big college football game on pay-per-view, and several of your buddies show up unannounced to watch it at your place.","You buy your date dinner, but your date insists on leaving a tip for the server.",C
"With respect to the kinked demand curve, which of the following is NOT correct?",There is no price leader.,There are relatively equal shares of the market.,Price is greater than marginal costs.,The demand curve is of one continuous function.,D
A production possibility frontier will be a straight line when,efficiency is achieved,the goods on the axes are perfect substitutes in consumption,utility is maximized,resources are not specialized,D
"Opportunity costs or implicit costs of a ""Mom & Pop""-owned business are:",equal to accounting costs.,equal to accounting profits.,equal to earnings or profits that could have occurred using resources elsewhere.,equal to earnings or profits that occurred for Mom & Pop's business.,C
You are told that the cross-price elasticity between goods X and Y is +2.0. This means that,goods X and Y are normal goods.,goods X and Y are inferior goods.,goods X and Y are complementary goods.,goods X and Y are substitute goods.,D
"When price elasticity of demand is greater than 1, demand is",perfectly inelastic.,elastic.,inelastic.,unit elastic.,B
"Which of the following represents a measure of a firm's monopoly pricing or market power, i.e., the larger the value of the index, the greater the firm's market pricing power?",(MC-P)/MC,(MC-P)/P,(P-MC)/P,(P-MC)/MC,C
You are told that the income elasticity for DVDs is + 1.5. This means that,a 10 percent increase in income produces a 15 percent increase in consumption of DVDs. DVDs are a normal luxury good.,a 10 percent increase in income produces a 15 percent increase in consumption of DVDs. DVDs are an inferior good.,a 10 percent increase in income produces a 15 percent decrease in consumption of DVDs. DVDs are an inferior good.,a 10 percent increase in the price of DVDs produces a 15 percent decrease in consumption of DVDs. DVDs are a price elastic good.,A
"Which of the following would best complete a short definition of economics? ""Economics is the study of . . .""",how unlimited resources are allocated between scarce wants.,how money is circulated through the economy.,how corporations maximize the share price of their stock.,how scarce resources are allocated to satisfy unlimited wants.,D
Which of the following is the best example of a public good?,A visit to the orthodontist,A session at the tanning salon,A large pizza,The International Space Station,D
Which of the following is an example of an economic rent?,A superstar basketball player's $50 million earnings.,A social security retirement income.,A welfare payment from social services.,A check to a college student from a parent or guardian.,A
A monopsonist is identified by one of the following:,A wage payment lower than the marginal revenue product of labor.,Employment level greater than that of a competitive labor market.,A wage payment higher than that of a competitive labor market.,A single seller of labor services.,A
"If the government wishes to regulate a natural monopoly so that it produces an allocatively efficient level of output, it would be at an output",where price is equal to average total cost.,where marginal revenue equals marginal cost.,where normal profits are made.,where price is equal to marginal cost.,D
"When a good is taxed, the tax burden falls mainly on the consumer if",the demand is inelastic and the supply is inelastic,the demand is inelastic and the supply is elastic,the demand is elastic and the supply is inelastic,the demand is elastic and the supply is elastic,B
The demand curve for a perfectly competitive firm's product is,downward sloping and equal to the market demand curve.,perfectly elastic.,perfectly inelastic.,kinked at the going market price.,B
The law of diminishing marginal utility is most useful for explaining the,law of supply,law of demand,curvature of the total cost curve,shape of the production possibilities frontier,B
Which of the following situations best exemplifies the concept of consumer surplus?,It refers to a consumer who no longer has any outstanding debts.,The federal government has taken in more revenue than it has paid out in expenditures.,A consumer pays more for a pizza than she thought it was worth at the margin of the purchase.,A consumer pays less for a pizza than she thought it was worth at the margin of the purchase.,D
"Mrs. Johnson spends her entire daily budget on potato chips, at a price of $1 each, and onion dip at a price of $2 each. At her current consumption bundle, the marginal utility of chips is 12 and the marginal utility of dip is 30. Mrs. Johnson should",do nothing; she is consuming her utility maximizing combination of chips and dip.,increase her consumption of chips until the marginal utility of chip consumption equals 30.,decrease her consumption of chips until the marginal utility of chip consumption equals 30.,decrease her consumption of chips and increase her consumption of dip until the marginal utility per dollar is equal for both goods.,D
"When the cross-price elasticity of demand is negative, the goods in question are necessarily",normal,inferior,complements,substitutes,C
Diminishing marginal returns to short-run production begin when,the average product of labor begins to fall.,the total product of labor begins to fall.,marginal product of labor becomes negative.,marginal product of labor begins to fall.,D
Good X is exchanged in a competitive market. Which of the following is true if an excise tax is now imposed on the production of good X?,"If the demand curve is perfectly elastic, the price rises by the amount of the tax.",The consumer's burden of the tax rises as the demand curve is more elastic.,Consumer surplus rises as a result of the tax.,The consumer's burden of the tax rises as the demand curve is less elastic.,D
Land refers to,all productive resources.,all natural resources.,farmland only.,real estate.,B
"Assume a firm hires labor for $15 each and sells its products for $3 each. If the MP of the 3rd worker is 10, which of the following statements would be the most true?",The firm should hire more labor so that the MRPL will increase.,The firm should hire more labor so that the MRPL will decrease.,The firm should hire less labor so that the MRPL will increase.,The firm should hire less labor so that the MRPL will decrease.,B
Which of these situations is not an example of price discrimination?,"Brent works nights, so he chooses to buy bread at 7 a.m. rather than at 7 p.m.","Bob and Nancy each receive a ""$1 off"" coupon in the mail, but Bob redeems it while Nancy does not.","Katie buys 12 Cokes for $3, and Josh buys one Coke at a time for $1.","Velma likes to go to the movies at the lower afternoon matinee price, and Rosemary would rather pay more for the evening show.",A
"Which of the following is most likely an example of production inputs that can be adjusted in the long run, but not in the short run?",Amount of wood used to make a desk.,Number of pickles put on a sandwich.,The size of a McDonald’s kitchen.,Number of teacher’s assistants in local high schools.,C
Which characteristic is likely a part of a monopoly market but not of monopolistic competition?,Differentiated products,Patents and copyrights,Possibility of profit in the short run,Deadweight loss exists,B
"If the price of firm A's cell phone service rises by 5 percent and the quantity demanded for firm B's cell phone service increases by 10 percent, we can say that",demand for firm B is price elastic.,supply for firm B is price elastic.,firms A and B are substitutes because the cross-price elasticity is greater than zero.,firms A and B are complements because the cross-price elasticity is less than zero.,C
