",30 to 50%,40 to 60%,20 to 40%,10 to 30%,B
",Increase risk of hip fracture,Decrease calcium excretion in the urine,Stimulate production of insulin-like growth hormone,Reduce muscle mass and strength,C
",High bone mineral density,High body weight,High lean mass,Poor muscle strength,D
"Crohn's disease:
",Only non-essential (dispensable) amino acids undergo transamination.,Transamination is an irreversible reaction in amino acid catabolism.,Transaminases require a coenzyme derived from vitamin B12.,Transaminases require a coenzyme derived from vitamin B6.,D
"The WHO made a strong recommendation that the maximum intake of free sugars by individuals within populations should be
",China,Sweden,Britain,India,A
",Altered composition of intestinal bacteria,Low intake of antioxidant nutrients,Sudden weaning from the breast,Iron deficiency,D
"Why might some biochemical (eg plasma or serum) indices of micronutrient status give misleading results in people with infections or inflammatory states?
"Epidemiological measures of effect assess the _______ between an exposure and an outcome.
",Fatty acids can be made from and converted to carbohydrates and amino acids,Carbohydrates can be made from and converted to amino acids and fatty acids,Fatty acids can be made from but not converted to carbohydrates and amino acids,Amino acids can be made from and converted to fatty acids,C
"In which one of the following circumstances will the prevalence of a disease in the population increase, all else being constant?
"Lactose
",Because they respond more rapidly to changes in iron levels in the diet.,"Because blood haemoglobin levels can also respond to a variety of other factors and insults, such as lead poisoning, chronic disease, etc.",Because the specific iron indices can be measured more accurately and easily.,"Because haemoglobin levels vary with subject age, and between the sexes.",B
",Low oxidative capacity,High fatigue resistance,High motor unit strength,Fast contractile speed,B
",A 7-day food diary,The MUST tool,Serum albumin concentration,Demi-span,B
"Of the classes of dietary fatty acids which have the most beneficial effect on plasma LDL cholesterol levels?
",Vitamin C,Vitamin D,Zinc,Vitamin A,A
",Females are three times more affected than males,It never happens in children or post menopausal women,Males from any socioeconomic background can be affected,Prevalence rates are 2% for female adolescents,C
"What dietary component has been shown to improve hypertension in humans?
"What is meant by the term 'functional isolation'?
"The best evidence exists for which nutrients in the prevention of age related cognitive decline?
",The flavonoid class comprises flavonoids and isoflavonoids.,The digestibility and bioavailability of isoflavones in soya food products are not changed by processing.,ÃŸ-Carotene and lycopene can both act as provitamin A.,Carotenoids and flavonoids both belong to the polyphenol class.,A
",Lipids,Carbohydrates,Nucleotides,Proteins,D
How can smoking affect breastfeeding?
"Why are some specific indices of iron status (such as serum ferritin or transferrin receptors) generally considered to be more reliable indices of iron status, than blood haemoglobin levels are?
"Which of the following vitamins is involved in one-carbon metabolism?
"A food additive is considered to be safe when:
","A ""flip-flop"" mechanism efficiently transports water directly across the enterocyte membrane","Water flows into the gut from the mucosa, during digestion of starch and protein, in order to reduce luminal osmolality",Water is mostly absorbed by movement between the cells lining the gut (enterocytes) via tight junctions,Dietary intake of water is always greater than water movement in the small intestine,B
",20%,40%,60%,80%,B
"Which of the following will increase in vitamin D deficiency?
",As simple Fe2+ in the serum,Bound to albumin,Bound to ferritin,Bound to transferrin,D
"Which vitamin is a major lipid-soluble antioxidant in cell membranes?
"What type of diet is recommended for weight maintenance?
"Which of the following statements is/are true?
"Which of the following statements about protein synthesis is correct?
",Reports suggest that older people consume less than the recommended contribution of fat to energy intake.,Multiple micronutrient deficiencies are widespread in older people in high-income countries.,Older people generally have a lower energy intake than younger adults.,There is little variation in the dietary intake between older people.,C
"A blood sample is taken from a 45 year old man after he has broken his overnight fast by eating three slices of toast and a boiled egg. Which one of the following will be at a higher concentration than if the blood sample had been taken before breakfast?
",Measurement of daily dietary fibre intake underestimates the amount of fermentable material entering the colon each day,All of the options given are correct,"Acetate, propionate and butyrate are the chief organic acids produced by anaerobic colic fermentation","The establishment of an ""acetate buffer"" in the colonic lumen suppresses the growth of some pathogenic bacteria.",B
",Vitamin C,Dietary fibre,Alcohol,Oestrogen,B
"Which of the following vitamins provides the coenzyme for reduction reactions in fatty acid synthesis?
"Confounding is a particular challenge in nutritional epidemiology because
"De novo fatty acid synthesis usually signifies which of the following?
","The end products of it fermentation is mainly malic, succinic and propionic acids","Fermentation studies in vitro, with human faeces, have shown that soluble and insoluble forms are fermented completely within 24 hours","Fibre sources, such as hemicelluloses, pectins and inulin are rapidly fermented to short chain fatty acids, which have trophic effects on the colon",Stool bulking occurs mainly through the action of insoluble fibres such as cellulose,C
"Are most developing-country farmers engaged in subsistence or commercial production?
",Mutans streptococci,bifidobacteria,Lactobacilli,P. gingivalis,A
",Has been associated with greater bone mineral loss in observational studies,"Has an uncertain relationship with skeletal health because research studies are confounded by associated lifestyle factors such as smoking, exercise and alcohol consumption",Has consistently resulted in less bone loss in supplementation studies,Has large effects on bone mineral loss,B
"Which of the following is true about the diagnosis of ""osteopenia"" or ""osteoporosis"" in North America and Western Europe
"Which statement about protein digestion and absorption is most correct?
",Selenophosphate,Selenocysteine,Selenohistidine,Selenate,B
"The vitamins which are lost most readily during cooking are:
","Reduced levels of HDL, a high proportion of small dense LDL and raised triglycerides","Reduced levels of HDL, a high proportion of small dense LDL and normal triglycerides","Raised levels of HDL, a high proportion of small dense LDL and raised triglycerides","Reduced levels of HDL, a low proportion of small dense LDL and raised triglycerides",A
",Is always the cause of milk intolerance,Cannot be digested in the human gut,Intolerance is present in up to 20% of the population,Is excluded on a low FODMAP diet,D
",A high energy content diet.,A high nutrient dense diet.,A low energy content diet.,A daily antioxidant supplement.,B
",Wernicke-Korsakoff syndrome,Cushing syndrome,Fatty liver,Hypogonadism,A
"Which of the following in not a zinc-dependent enzyme?
"The supplementation of diet with which fat soluble vitamins has been shown to reduce cardiovascular disease?
"Food allergies:
",Happy heart syndrome,Home heart syndrome,Beach heart syndrome,Holiday heart syndrome,D
"How much dietary protein should athletes consume daily?
"Which of these factors increases the risk for cancer of the stomach?
"Which of the following are the recommended blood pressure and lipid goals for the prevention of cardiovascular disease in adults with diabetes?
",3%,32%,66%,15%,B
"How many kcal are there in one gram of ethanol?
",May increase carbohydrate malabsorption,Is a constituent of avenin,Is the main protein in maize,May be contra-indicated in UC,A
"Which fatty acids found in plasma phospholipids are associated with reduced cardiovascular mortality?
"In an epidemiological context, what is the population at risk?
",Synthesis of TMP (thymidine monophosphate),Decarboxylation of amino acids to form amine neurotransmitters,Synthesis of methionine from homocysteine,Carboxylation of pyruvate to oxaloacetate,A
",Has been reported to be associated with a higher incidence of fracture and higher mortality in a few studies,During puberty seems to be associated with higher bone mineral density in later life,Is consistently associated with a lower rate of fractures,In countries with the highest rate of fracture suggests that milk consumption is beneficial to the skeleton.,A
"Basal Metabolic Rate (BMR):
",glucose,Alpha limit dextrins,Sucrose,polysaccharides,C
"Colonic microbiome:
",10,25,30,32,D
"The body's adjustment of heat production to changes in the plane of nutrition (under- or over-nutrition) and to minimize energy imbalance is known as:
"According to the recommendations for the nutritional management of patients with diabetes, the consumption of saturated fat should be:
"Which of the treatments below has not demonstrated efficacy in BED
"Eosinophilic oesophagitis
"The respiration quotient (RQ):
",gathering information about many different aspects of people's dietary habits.,"collecting data about dietary intake at the onset of a study, before people have experienced symptoms of disease.",collecting data on all possible confounders.,making sure that the study sample is representative of the population.,B
"Which single statement below, about the stomach, is actually correct?
",No effect.,Methylation of IGF2 is increased.,Methylation of IGF2 is decreased.,The effect depends on whether the child is male or female.,B
"How will climate change affect future food security?
",Lipid-soluble antioxidant in cell membranes,Fast responses to increase calcium absorption with no change in gene expression,Regulation of differentiation of adipocytes,Regulation of bone turnover,A
"Which statement about Engel's law on food economics is correct?
"Cholesterol and fatty acids absorbed from the intestinal lumen are packaged into which types of lipoproteins and secreted from the enterocytes into the lymph?
"Which of these factors increases the risk for postmenopausal breast cancer?
",Reduction of triglycerides,Hypoglycaemia,increase of insulin sensitivity,help controlling hypertension,B
",Childhood stunting before 24 months of age affects short term cognitive performance,Childhood stunting before 24 months of age affects long term cognitive performance,Neither of the statements are correct,Both of the statements are correct,D
"What is the phenotype of a congenital disorder impairing the secretion of leptin?
"Severe acute malnutrition in young children is defined as:
"The pancreas secretes a large amount of digestive enzymes after a meal. Which statement about this process is correct?
",Vitamin A,Vitamin D,Vitamin E,Vitamin K,D
