Studies into the etiology of Schizophrenia indicated a genetic predisposition to the condition but other factors are involved. From your knowledge of the subject identify which of the following statements is incorrect.,Excess dopamine or sensitivity to dopamine could be a contributory factor.,White patients are more symptomatic.,Remission from the condition in the Third World is 65%.,A lower rate of Schizophrenia diagnosed among Africa Americans.,D
________ involves mental retardation and extreme obesity and is caused by a chromosomal deletion.,Down Syndrome,Turner syndrome,Klinefelter syndrome.,Prader-Willi syndrome,D
The research suggests that people who frequently view TV shows that depict violent acts:,tend to overestimate the chance that they will be the victims of violence.,tend to underestimate the chance that they will be the victims of violence.,tend to overestimate the chance that they will be the perpetrators of violence.,are no different than those who do not view violent shows when estimating the chance they will be the victims or perpetrators of violence.,A
"After studying for an examination, retention of the learned material is best facilitated by",sleeping,studying a related subject,exercising,studying an unrelated subject,A
A psychologist is subpoenaed to testify at a deposition about a current therapy client. This means that the psychologist:,must testify about the client as requested.,must appear at the deposition as requested.,must provide the requested documents.,can expect to receive a court order within 60 days.,B
A group's performance on a(n) __________ task is limited by the performance of the least skilled or knowledgeable member of the group.,additive,compensatory,disjunctive,conjunctive,D
Job satisfaction appears to be most negatively correlated with,intelligence level,turnover rare,isolation from colleagues,educational level,B
Which of the following factors appears to have the strongest influence on learning in people with antisocial personalities,Social ostracism,Money,Tranquilizers,Physical punishment,B
"A child is using a spoon in much the same way that the child had used a rattle in the past. In Piaget's theoretical framework, this is an example of",accommodation,assimilation,response fixity,a fixed action pattern,B
Most babies say their first words at about _____ months of age.,7,9,12,15,C
What are the facets of primary prevention?,"Primary, secondary, and tertiary prevention","Primary, universal, and indicative","Universal, selective, and indicative",None of the above,C
A person is most likely to be helped in an emergency situation when:,there is a single bystander.,there are several bystanders.,there are several bystanders of the same gender.,there are several bystanders of the opposite gender.,A
Experiencing intense feelings of shame and guilt upon admitting to a counselor that a family problem exists is common among traditional,Asian-Americans,African-Americans,Hispanics,Native North Americans,A
When consulting with a colleague about a “therapeutic impasse” you are having with a therapy client:,it is always necessary to advise the client about the consultation.,it is necessary to get a signed waiver of confidentiality from the client before discussing confidential information with the consultant.,it is unnecessary to advise the client of the consultation as long as only information that is relevant to the impasse is discussed.,it is unnecessary to advise the client of the consultation as long as the client's identity is not revealed.,D
An agonist is ___________.,A drug that cannot produce 100% of the biological response,A drug that has no effect,Another name for antianxiety medication,A drug that binds to a receptor producing a change in activity,D
Images and sounds are maintained in sensory memory for:,an indefinite period of time.,"minutes to days, depending on the depth of encoding.",about 60 to 90 seconds.,less than 5 seconds.,D
Assessment Centers differ most sharply from other methods of personnel selection in their use of,longitudinal appraisal,multiaptitude test batteries,projective techniques,performance-based assessment,D
Standardized tests or measures that compare an examinee’s performance to the performance of a specified group of participants are:,Criterion-referenced testing,Functional behavioral assessments,Intellectual assessments,Norm-referenced tests,D
The primary focus of the “systems approach” to the problems of business and industry is to improve,organizational performance,work habits,organizational morale,individual morale,A
"As director and practicing professional psychologist for a North American Indian mental health center on a reservation, which of the following programmatic efforts should you incorporate into your culturally sensitive model of mental health care","Include indigenous paraprofessionals, including traditional healers, who will facilitate acceptance and effectiveness of the program","Ensure that all mental health care is provided on the facility’s site, in order to maintain objectivity and accountability","Set out specific clinical-care guidelines chat model mainstream medicine, in order to socialize clients into the mental health care systema","Employ only providers who are licensed, competent, and able to communicate mainstream mental health care effectively",A
"According to Kubler-Ross, when a terminally ill patient is informed of his/her condition, the patient's initial reaction will likely be",“I hate everybody and everything!”,“No. it’s not possible!”,“I give up: I'm powerless!”,"“If you help me, God, I’ll reform my life!”",B
The flaw in Anderson’s ACT theory was that some considered it ___________.,Only applicable to a motor system,"Untestable and thus, of uncertain scientific value",Lacking in definition for its elements,Overly complex in explaining the operation of cognition,B
Self-instructional training of impulsive children involves helping them to,attend better to tasks by writing down their lesson objectives in advance,change their self-statements to increase their task-oriented behavior,focus their thoughts on mood-elevating cognitions,use programmed instructions to shape adaptive behavior gradually,B
"According to Gerald Patterson and his colleagues (1992), which of the following is a key contributor to aggressive behavior in children?",the child’s intelligence.,the child’s “basic personality.”,the strength of the parent-child attachment.,the parents’ childrearing behaviors,D
You are a consultant asked to design an intervention program in a recently integrated housing project where antagonism and hostility between old and new residents are extremely high. The goal is to improve relations through contact. You would be more likely to facilitate that goal if you could arrange interactions that provide opportunities,"at the outset for contact that is rather casual and superficial, thus providing a “warm-up” phase",which make explicit the status hierarchy chat is implicit in the interactions between the wo groups,which provide an open airing and all-out discussion about what each group believes to be the negative crits of the other,for each group of residents co disconfirm negative traits of the other group,D
"According to Freud's notion of______, dreams and slips of the tongue are meaningful goal-directed phenomena.",psychic dynamogenesis,reciprocal determinism,psychic determinism,ptyalism,C
Individuals who profit most from crisis group intervention are those who,have gone from one life crisis to another,have obtained secondary gratification from normal life stresses,are particularly in touch with social reality,have experienced acute onset of significant symptoms,D
The neurotransmitter most directly involved with voluntary muscle movement is,norepinephrine,acetylcholine,epinephrine,dopamine,B
"According to Irvin Yalom, ________in group therapy is the analogue of the therapist-client relationship in individual therapy.",universality,identification,cohesiveness,alliance,C
You would use the Solomon four-group design in order to:,eliminate carryover effects.,reduce demand characteristics.,evaluate the impact of pretesting.,evaluate the effects of history and maturation.,C
What treatment method has the best results with addressing anxiety symptoms?,Cognitive behavioral therapy,Social skills training,Behavioral activation treatment,Nondirective supportive treatment,A
"Female applicants consistently obtain lower scores on a selection test than do male applicants. However, when they are hired, females perform as well on the job as do males. This situation illustrates which of the following?",differential validity,differential selection,adverse impact,unfairness,D
"If a psychologist acts as both a fact witness for the plaintiff and an expert witness for the court in a criminal trial, she has acted:",unethically by accepting dual roles.,ethically as long as she did not have a prior relationship with the plaintiff.,ethically as long as she clarifies her roles with all parties.,ethically as long as she obtains a waiver from the court.,C
"A former client owes you over $600.00 in therapy fees and you are considering using a collection agency to collect the money she owes you. As an ethical psychologist, you should:",decide not to do so because using a collection agency is prohibited by the ethical guidelines.,do so only if you had informed the client at the beginning of therapy that you would do so if she did not pay her fees in a timely manner.,contact the client first to inform her of your intent to use a collection agency if she does not pay her outstanding fees by a specific date.,use a collection agency only as a “last resort.”,C
"According to ethics codes published by the American and Canadian Psychological Associations, psychologists participating in forensic activities should avoid misleading testimony or reports by",stating conclusions in tentative terms,refusing to testify if they have had 2 prior professional relationship with one of the parties,providing access to psychometric information,acknowledging the limits of their data or conclusions,D
Lewinsohn’s behavioral model proposes a causal link between ______________ and depression.,a lack of reinforcement from the environment,“accidental” external reinforcement for depressogenic behaviors,a high need for perfectionism,chronic physical and psychological stress,A
The research on leadership indicates that,there are no consistent findings except under extreme conditions,effective leaders need to integrate themselves fully into the group,a large number of situational factors are important in determining effective leadership,"democratic leadership is the most effective, in agreement with Lewin’s early findings",C
"In classical conditioning, experimental extinction will occur when the",conditioned stimulus is repeatedly not followed by the unconditioned stimulus,unconditioned stimulus is repeatedly not followed by the conditioned stimulus,conditioned stimulus is repeatedly followed by the unconditioned response,unconditioned stimulus is repeatedly followed by the conditioned response,A
"In counseling and psychotherapy, the trend since 1980 has been toward",more behaviorism,dominance of the analytic models,increasing evidence that the theoretical position of the therapist determines effectiveness,greater acceptance of eclecticism,D
"Dr. Harry Holliday, a clinical psychologist, is planning to take a three-week cruise. In terms of his clinical practice, Dr. Holliday’s best course of action would be to:",discuss his vacation plans with his current clients ahead of time so that they know he’ll be unavailable during that time.,give his clients a phone number where he can be reached.,give his clients the phone number of a colleague who has agreed to accept phone calls in emergencies.,hire a colleague to take over his appointments while he is on vacation.,C
"In most situations, the “holder of the privilege” is:",the therapist.,the client.,the therapist and client jointly.,the court.,B
"According to Noam Chomsky’s nativist theory, language is largely the result of:",innate factors.,operant conditioning.,parental modeling.,cognitive development.,A
Which of the following is NOT true about the difference between traditional research and program evaluation?,"Program evaluation questions are often identified through the needs of a program’s staff and stakeholders, while traditional research questions are identified by researchers using previous, existing research.",Program evaluation uses unique quantitative and qualitative methodologies to collect data. These methods are different from those that are used in traditional research.,"Traditional research and program evaluation have different aims. Traditional research aims to test existing theories and discover generalizable knowledge, while program evaluation aims to collect information important for timely decision-making.",Both traditional research and program evaluation may incorporate rigorous and systematic ways of collecting data in order to address their aims.,B
The most dangerous physiological complication of Bulimia Nervosa is,edema,dehydration,gastrointestinal disturbance,electrolyte imbalance,D
"A 38-year-old person is afraid to travel on public transportation. A program of treatment that relies on graduated exposure to traveling by bus, with actual real-life behavioral activities increased across trials, is called",flooding,modeling,reinforced practice,implosion,C
The following has been shown to be the most effective means of symptom reduction for obsessive-compulsive disorder:,Dialectical behavior therapy,Antidepressant medications,Exposure and response prevention therapy,Combination of exposure and response prevention therapy and antidepressant Medications,C
A score of 50 on the Beck Depression Inventory-II suggests:,no or minimal depression.,mild depression.,moderate depression.,severe depression.,D
The highest levels of learning and performance are usually associated with:,low levels of arousal.,moderate levels of arousal.,high levels of arousal.,variability in levels of arousal.,B
"According to EQUITY THEORY in any work situation, people assess both their inputs and outcomes and compare the ratio to other workers and underpayment has a greater impact on worker performance than overpayment. To what does the PROCEDURAL JUSTICE refer to?",fairness of outcomes,perceptions of outcome,fairness of procedures,inconsistency of treatment,C
Which of the following relies on internal resources to cope with a problem?,Problem-focused coping,Emotion-focused coping,Cognitive dissonance,Semantic differential,B
"In terms of EEOC guidelines, a substantially different rate of selection or promotion that results in disadvantage to people of a particular gender, race, or ethnicity is evidence of:",test bias.,adverse impact.,criterion deficiency.,situation specificity.,B
"Dr. Jones, a clinical psychologist, has been seeing Lisa L. in therapy for one month. Dr. Jones considers Lisa to be a very attractive woman and finds himself having sexual fantasies about her. As an ethical psychologist, Dr. Jones should:",recognize that such attraction is normal but proceed with caution.,confess his attraction to Lisa and make it a topic for mutual examination in therapy.,recognize that such attraction is inappropriate and refer Lisa to another therapist without explaining the reason to her.,continue working with Lisa but consult with a colleague if he believes his attraction might be interfering with his objectivity.,D
Psychologists call the pathway that connects the past with the present and the future a(n) ___________.,Organizational process,Developmental trajectory,Developmental approach,Theoretical model,B
The most common cause of cerebral palsy is,trauma at the time of birth,dural hemorrhages,measles with accompanying fever,a genetic (autosomal) trait,A
"A company president is concerned about the low motivation and satisfaction of her employees and, as a result, institutes a wage and bonus (financial) incentive program for all employees. Six months later, the president finds that her efforts have not increased the employees' job motivation or satisfaction. This result is best predicted by which of the following theories?",ERG theory,expectancy theory,equity theory,two-factor theory,D
"As a child, Fara’s responsibilities were to help her mother in the kitchen while her brother and father mowed the lawn. She was expected to do the housework like her mother while her brother did yard work like their father. What part of Feminist Therapy addresses these issues?",Self In Relation,Feminist Object Relations,Empowerment Therapy,Household Responsibilities,B
Which of the following is most likely to produce symptoms similar to those resulting from anxiety,A deficiency of ACTH,An excess of testosterone,Addison's disease,Hyperthyroidism,D
The INTER-SCORER RELIABILITY is used for essay tests or behavioral observation scales and usually involves a coefficient between rater’s scores. What is the Kappa Coefficient?,measure of agreement between 2 raters using nominal scales,elapsed time in which target behaviors occurs,recording all behaviors with narrative description,# of times target behavior occurs,A
"When a nicotine patch is used in conjunction with behavioral techniques in smoking cessation programs, the rate of success is likely to",decrease,"increase initially, then recede",be the same,increase,D
"There are specific research designs and strategies used to gain the desired information. From your knowledge about the research designs and strategies, in which case is the MULTIPLE BASELINE DESIGN used?",when reversal is not possible,when assignment is not possible,when selection is not possible,when there are not enough data available,A
Long-term potentiation is believed to play a critical role in which of the following?,emotional experience and expression,hunger and thirst,sexual behavior,learning and memory,D
The procedure involving repeated presentation of a stimulus to the client until the attractiveness of that stimulus is reduced is best described as,stimulus satiation,response-prevention,flooding,implosion,A
"""On the basis of the results of the t-test a psychologist uses to analyze the data she collects, the psychologist concludes that her results are """"significant at the .01 level."""" This means that:""",there is a 1% chance that she will incorrectly reject the null hypothesis.,there is a 1% chance that she will incorrectly retain the null hypothesis.,there is a 99% chance that she will incorrectly reject the null hypothesis.,there is a 99% chance that she will incorrectly retain the null hypothesis.,A
The most automatic of the proposed memory systems is ___________.,Episodic memory,Semantic memory,Declarative memory,Explicit memory,A
Attribution theories provide a framework for the important types of information used to assess behavior. One theory describes how people identify explanations of people’s personal characteristics from behavioral evidence. This theory is ___________.,Correspondent inference theory,Covariation model of attribution,Achievement attribution,Attribution of harm,A
The sleep-wake cycle is regulated by the,reticular formation,cerebellum,thalamus,parietal lobe,A
A correct statement regarding the many different types of treatment available for alcohol abuse is that,community-based (halfway-house) treatments have greater efficacy than hospital-based (inpatient) treatments,no type of treatment has been shown to be effective,there is no established evidence to support the greater efficacy of any one technique overall others,all successful treatments depend in part upon techniques developed by Alcoholics Anonymous (AA),C
"Erich Fromm states that the society prevents you from realizing true nature to be loving, creative, and productive. Which of the responses to societal demands allow a person to realize that?","The receptive definitely allows a person to realize its true nature, to loving, creative, productive","The hoarding allows a person to realize its true nature, to be loving, creative, productive","The marketing surely allows a person to realize its true nature, to be loving, creative, productive","The productive allows a person to realize its true nature, to be loving, creative, etc.",D
"Research in the workplace has shown that a subordinate’s participation in goal setting leads to the selection of goals that, when compared to goals set for subordinates unilaterally by their supervisors, are",more challenging,Of about the same level of difficulty,never accomplished,less challenging,A
"Compared to individuals in their 20s, which of the following is an advantage to having children after the age of 30?",Older parents typically have more income for additional expenses due to established careers,Older mothers have fewer medical complications during pregnancy and birth,Older parents have not had time to build up expectations about children’s behavior,Older parents have more physical energy and time to play with their young children,A
"For a Gestalt therapist, a primary goal of treatment is to help the client:",integrate the present with his/her past and future.,integrate the various aspects of the self.,develop a “success identity.”,develop a “healthy style of life.”,B
Parametric Tests are used when data is interval or ration. When is it used the ONE-WAY ANOVA?,used when there is 1 IV and means of more than 2 groups,used when there is 2 IV and means of more than 4 groups,used when there is 3 IV and means of more than 5 groups,used when there is 4 IV and means of more than 6 groups,A
"In a study where groups of children competed against each other, intergroup hostility was lessened by finding tasks that required the efforts of all the children. This approach is an example of",integrative demands,superordinate goals,threat reduction,intergroup contact,B
"Studies of persons in their 70s, 80s, and 90s indicate thar intellectual functioning is most closely related to",social support,life experience,chronological age,health status,A
What are the four tenets of analytical psychotherapy according to Jung?,"Self-regulating psyche, the unconscious, family, therapist–patient relationship","Self-regulating psyche, the unconscious, therapist–patient relationship, stages of self-improvement","Id, ego, superego, libido","Archetypes, unconscious, self-esteem, social needs",B
"To serve as an expert witness in a court case, a psychologist must:",be board certified as an expert witness.,be qualified by the court to offer opinions and conclusions about the case.,have been hired by the person he/she will be testifying about.,testify only about what he/she personally observed or obtained.,B
"Numerous factor-analytic studies have been performed on tests of motor function (e.g., Purdue Pegboard). In general, these studies have revealed that","two factors, speed and strength, account for most of the common variance",most motor functions are well represented by intelligence,most motor functions correlate highly and form 2 single factor,most motor functions are highly specific,D
Equity theory predicts that a person's satisfaction in a close personal relationship is related to the person's:,perceptions of his/her own contribution/reward ratio and the ratio of his/her partner.,perceptions of the relative utility of the relationship.,comparisons between his/her current relationship and past relationships.,comparisons between his/her own relationship outcomes and the relationship outcomes of others.,A
"Children begin to deliberately and regularly use rehearsal, elaboration, and organization as memory strategies by _____ years of age.",2 to 3,5 to 7,9 to 10,13 to 15,C
"A woman has a schizophrenic brother. According to research area, the probability thar she is or will become schizophrenic is about",0.01,0.42,0.5,0.7,B
"Dr. Delbert Dinwoody is currently treating a 35-year-old client who has received a diagnosis of Alcohol Dependence. With the client's permission, Dr. Dinwoody invites the client's wife to participate in couple therapy. Inviting the wife to participate in therapy is:",acceptable as long as he believes couple therapy will benefit the client's progress in dealing with his alcohol problem.,acceptable as long as the wife is not receiving mental health services from another professional.,"""unacceptable because in this situation, the wife is “vulnerable to undue inﬂuence.""""""","""unacceptable because doing so creates a """"conﬂict of interest.”""",A
Psychologist’s 35-year-old patient admits to sexually molesting a nine-year-old child in the neighborhood. This patient has prior history of such behavior. The psychologist should,notify the authorities immediately and inform the patient that this is being done,warn the patient to cease the molestations immediately or risk loss of confidentiality and being reported to the authorities,"inform the child's parents, who are responsible for the child’s well-being, before notifying the authorities",handle the issue within the therapeutic situation and thereby maintain confidentiality,A
another person's behavior is referred to as the .,self-serving bias,actor-observer effect,fundamental attribution bias,self-perception bias,C
"The ____________ provides information on the four cognitive abilities identified by Luria (1980) – i.e., planning, attention, simultaneous processing, and sequential processing.",Slosson Intelligence Test Primary,Cognitive Assessment System,Kuhlman-Anderson Test,Woodcock Johnson III,B
HOUSE’S PATH-GOAL THEORY OF LEADERSHIP predicts that subordinate satisfaction and motivation are maximized when they believe the leader is helping. How is the Instrumental leadership style?,establishes supportive relationships with subordinates,includes subordinates in decision-making,provides specific guidelines and clear rules and procedures,sets challenging goals and encourage higher levels of performance,C
"You have been hired as a research assistant for a study that will compare two brief treatments for Social Phobia. The procedures and methods used in the study are ethically sound; however, your supervisor is not informing participants that they may withdraw from the study at any time if they desire to do so. Your best course of action would be to:",quit your job.,inform the participants yourself of their right to withdraw.,discuss the possible ethical violation with the supervisor.,do nothing since this is an acceptable practice.,C
"Motivation is a complex process involving weighing alternatives, costs, and benefits. From your knowledge about GOAL-SETTING THEORY, which one out of the following statements is incorrect?",goals serve 2 purposes: they are a basis for motivation and they direct behaviors,goal attainment is maximized when goals are specific and highly difficult,goal attainment is maximized when frequent feedback is given,worker participation in goal-setting is also good,B
Kohlberg’s cognitive-developmental theory identifies which of the following as the initial stage of gender-role acquisition?,gender affirmation,gender identity,gender constancy,gender stability.,B
"According to Moscovici (1985), group members espousing the minority position are most likely to change the opinion of the majority when:","""members supporting the minority position have accumulated “idiosyncrasy credits.""""""",members supporting the minority position are consistent in expressing their opinion without appearing dogmatic.,the number of people representing the minority is only slightly less than the number of people representing the majority.,the minority leader is viewed by members of the majority as having legitimate power.,B
"When preparing a psychological testing report, a psychologist is ethically bound to include",only data for which independent corroborating evidence exists,interpretations of the data and limiting circumstances involving the test administration,"raw data, where this is appropriate in the psychologist’s professional judgment",any potential pathology chat the psychologist has cause to suspect may develop,B
"After three sessions with a therapy client, Dr. Leonard Lykowski realizes that he’s feeling somewhat hostile toward the client because she reminds him of his wife who he’s currently divorcing. Dr. Lykowski’s best course of action would be to:",refer the client to another therapist without telling the client the reason for the referral.,refer the client to another therapist after discussing the reason with her.,recognize that his feelings are the result of countertransference and continue to work with the client.,consult with another psychologist to determine whether or not to continue seeing the client in therapy.,D
